Number;Board List1
2
3
4
5
6
7
8
9
10
1
2
3
4
5
6
7
8
9
10
1
2
3
4
5
6
7
8
9
10
1
2
3
4
5
6
7
8
9
10
1
2
3
4
5
6
7
8
9
10
1
2
3
4
5
6
7
8
9
10
1
2
3
4
5
6
7
8
9
10
1
2
3
4
5
6
7
8
9
10
1
2
3
4
5
6
7
8
9
10
1
2
3
4
5
6
7
8
9
10
1
2
3
4
5
6
7
8
9
10
1;TEST
2;TEST
3;TEST
4;TEST
5;TEST
6;TEST
7;TEST
8;TEST
9;TEST
10;TEST
1;TEST
2;TEST
3;TEST
4;TEST
5;TEST
6;TEST
7;TEST
8;TEST
9;TEST
10;TEST
1;TEST
2;TEST
3;TEST
4;TEST
5;TEST
6;TEST
7;TEST
8;TEST
9;TEST
10;TEST
1;TEST
2;TEST
3;TEST
4;TEST
5;TEST
6;TEST
7;TEST
8;TEST
9;TEST
10;TEST
1;TEST
2;TEST
3;TEST
4;TEST
5;TEST
6;TEST
7;TEST
8;TEST
9;TEST
10;TEST
1;TEST
2;TEST
3;TEST
4;TEST
5;TEST
6;TEST
7;TEST
8;TEST
9;TEST
10;TEST
1;TEST
2;TEST
3;TEST
4;TEST
5;TEST
6;TEST
7;TEST
8;TEST
9;TEST
10;TEST
1;TEST
2;TEST
3;TEST
4;TEST
5;TEST
6;TEST
7;TEST
8;TEST
9;TEST
10;TEST
1;TEST
2;TEST
3;TEST
4;TEST
5;TEST
6;TEST
7;TEST
8;TEST
9;TEST
10;TEST
1;TEST
2;TEST
3;TEST
4;TEST
5;TEST
6;TEST
7;TEST
8;TEST
9;TEST
10;TEST
